delivery_bucket,orders,avg_review_score,avg_delivery_days,avg_order_value
Late,7826,2.566505678109907,31.518894709941222,172.73067339637106
On Time / Early,88652,4.294310600991255,10.88424946978927,158.71965640933087
